{"cameraMode":{"drawMode":0,"name":"Shaded","section":"Shading Mode"},"sceneLighting":true,"audioPlay":false,"sceneViewState":{"showFog":true,"showMaterialUpdate":false,"showSkybox":false,"showFlares":true,"showImageEffects":true,"showParticleSystems":true},"in2DMode":false,"pivot":{"x":-0.2985306978225708,"y":-0.40457940101623537,"z":1.0673046112060547},"rotation":{"x":-0.272726833820343,"y":-0.28622889518737795,"z":0.0853593498468399,"w":-0.9145656824111939},"size":2.8578836917877199,"orthographic":false}