{"cameraMode":{"drawMode":0,"name":"Shaded","section":"Shading Mode"},"sceneLighting":false,"audioPlay":false,"sceneViewState":{"showFog":true,"showMaterialUpdate":false,"showSkybox":false,"showFlares":true,"showImageEffects":true,"showParticleSystems":true},"in2DMode":false,"pivot":{"x":1.5089232921600342,"y":3.6400251388549806,"z":-0.718719482421875},"rotation":{"x":-0.13868916034698487,"y":-0.0967014953494072,"z":0.013612506911158562,"w":-0.9855185747146606},"size":22.0,"orthographic":false}