{"cameraMode":{"drawMode":0,"name":"Shaded","section":"Shading Mode"},"sceneLighting":true,"audioPlay":false,"sceneViewState":{"showFog":true,"showMaterialUpdate":false,"showSkybox":false,"showFlares":true,"showImageEffects":true,"showParticleSystems":true},"in2DMode":false,"pivot":{"x":-2.130000114440918,"y":0.2799999713897705,"z":-1.5099999904632569},"rotation":{"x":0.055504389107227328,"y":0.09808959811925888,"z":-0.005574546754360199,"w":0.9936550259590149},"size":7.962064266204834,"orthographic":false}