{"cameraMode":{"drawMode":0,"name":"Shaded","section":"Shading Mode"},"sceneLighting":false,"audioPlay":false,"sceneViewState":{"showFog":true,"showMaterialUpdate":false,"showSkybox":false,"showFlares":true,"showImageEffects":true,"showParticleSystems":true},"in2DMode":false,"pivot":{"x":-4.0659685134887699,"y":5.606898307800293,"z":-5.855489253997803},"rotation":{"x":0.39136672019958498,"y":0.2856476604938507,"z":-0.12926393747329713,"w":0.8652141690254211},"size":0.29713502526283266,"orthographic":false}