{"cameraMode":{"drawMode":0,"name":"Shaded","section":"Shading Mode"},"sceneLighting":true,"audioPlay":false,"sceneViewState":{"showFog":true,"showMaterialUpdate":false,"showSkybox":false,"showFlares":true,"showImageEffects":true,"showParticleSystems":true},"in2DMode":false,"pivot":{"x":-2.130000114440918,"y":0.2799999713897705,"z":-1.5099999904632569},"rotation":{"x":0.06229844689369202,"y":0.17366568744182588,"z":-0.01104389876127243,"w":0.9828029274940491},"size":7.962064266204834,"orthographic":false}