{"cameraMode":{"drawMode":0,"name":"Shaded","section":"Shading Mode"},"sceneLighting":false,"audioPlay":false,"sceneViewState":{"showFog":true,"showMaterialUpdate":false,"showSkybox":false,"showFlares":true,"showImageEffects":true,"showParticleSystems":true},"in2DMode":false,"pivot":{"x":-2.5412542819976808,"y":0.046453773975372317,"z":-1.4981582164764405},"rotation":{"x":-0.0708538219332695,"y":-0.5990827083587647,"z":0.05335087701678276,"w":-0.7957749366760254},"size":2.2563412189483644,"orthographic":false}