{"cameraMode":{"drawMode":0,"name":"Shaded","section":"Shading Mode"},"sceneLighting":false,"audioPlay":false,"sceneViewState":{"showFog":true,"showMaterialUpdate":false,"showSkybox":false,"showFlares":true,"showImageEffects":true,"showParticleSystems":true},"in2DMode":false,"pivot":{"x":3.674583911895752,"y":1.2108914852142335,"z":2.8718504905700685},"rotation":{"x":-0.08207765221595764,"y":0.8945003151893616,"z":-0.1839417815208435,"w":-0.39913591742515566},"size":1.7167226076126099,"orthographic":false}