{"cameraMode":{"drawMode":0,"name":"Shaded","section":"Shading Mode"},"sceneLighting":false,"audioPlay":false,"sceneViewState":{"showFog":true,"showMaterialUpdate":false,"showSkybox":false,"showFlares":true,"showImageEffects":true,"showParticleSystems":true},"in2DMode":false,"pivot":{"x":-4.240251064300537,"y":0.7841363549232483,"z":-2.0925753116607668},"rotation":{"x":-0.14517918229103089,"y":-0.5044703483581543,"z":0.08650417625904083,"w":-0.8467434048652649},"size":2.2563412189483644,"orthographic":false}