{"cameraMode":{"drawMode":0,"name":"Shaded","section":"Shading Mode"},"sceneLighting":false,"audioPlay":false,"sceneViewState":{"showFog":true,"showMaterialUpdate":false,"showSkybox":false,"showFlares":true,"showImageEffects":true,"showParticleSystems":true},"in2DMode":false,"pivot":{"x":0.6398048400878906,"y":0.4685906171798706,"z":1.6455554962158204},"rotation":{"x":-0.1060735210776329,"y":0.09945400059223175,"z":-0.010659310966730118,"w":-0.9893258810043335},"size":15.778915405273438,"orthographic":false}