{"cameraMode":{"drawMode":0,"name":"Shaded","section":"Shading Mode"},"sceneLighting":false,"audioPlay":false,"sceneViewState":{"showFog":true,"showMaterialUpdate":false,"showSkybox":false,"showFlares":true,"showImageEffects":true,"showParticleSystems":true},"in2DMode":false,"pivot":{"x":115.45478820800781,"y":-58.99826431274414,"z":43.73211669921875},"rotation":{"x":-0.17601963877677918,"y":-0.5628990530967712,"z":0.1243588775396347,"w":-0.7979810237884522},"size":146.34820556640626,"orthographic":false}